Satellite 1,Satellite 2,Distance
STARLINK-32534,STARLINK-32833,12160.158562782635
STARLINK-32833,STARLINK-32534,12160.158562782635
