Satellite 1,Satellite 2,Distance
STARLINK-32176,KUIPER-00012,10569.044021734471
KUIPER-00012,STARLINK-32176,10569.044021734471
